Title,Price,Rating,Color,Size,Gender,Timestamp
Pants 1000,2938240.0,4.7,3,XXL,Men,2025-05-23 05:20:13.940
Hoodie 999,8534240.0,4.8,3,XL,Unisex,2025-05-23 05:20:13.940
T-shirt 998,908000.0,4.2,3,L,Women,2025-05-23 05:20:13.939
Crewneck 997,5321280.0,3.9,3,M,Men,2025-05-23 05:20:13.939
Jacket 996,6942400.0,4.3,3,S,Unisex,2025-05-23 05:20:13.939
Outerwear 995,8046720.0,3.2,3,XXL,Women,2025-05-23 05:20:13.939
Pants 994,1693760.0,4.4,3,XL,Men,2025-05-23 05:20:13.939
Hoodie 993,6361920.0,3.4,3,L,Unisex,2025-05-23 05:20:13.939
T-shirt 992,4840480.0,4.9,3,M,Women,2025-05-23 05:20:13.939
Pants 988,2054240.0,3.5,3,L,Men,2025-05-23 05:20:13.938
Crewneck 985,6236000.0,4.3,3,XXL,Men,2025-05-23 05:20:13.938
Hoodie 987,4008000.0,4.7,3,M,Unisex,2025-05-23 05:20:13.938
T-shirt 986,6713760.0,4.5,3,S,Women,2025-05-23 05:20:13.938
Outerwear 989,6869440.0,4.2,3,XL,Women,2025-05-23 05:20:13.938
Jacket 990,3327360.0,4.2,3,XXL,Unisex,2025-05-23 05:20:13.938
Jacket 984,7349440.0,3.8,3,XL,Unisex,2025-05-23 05:20:13.937
Outerwear 983,5762560.0,3.2,3,L,Women,2025-05-23 05:20:13.937
Pants 982,7281760.0,4.9,3,M,Men,2025-05-23 05:20:13.937
T-shirt 980,6544000.0,3.1,3,XXL,Women,2025-05-23 05:20:12.804
Crewneck 979,4848480.0,3.4,3,XL,Men,2025-05-23 05:20:12.804
Jacket 978,3918240.0,3.6,3,L,Unisex,2025-05-23 05:20:12.804
Outerwear 977,3356000.0,3.6,3,M,Women,2025-05-23 05:20:12.803
Hoodie 975,4816000.0,3.6,3,XXL,Unisex,2025-05-23 05:20:12.803
T-shirt 974,4769280.0,3.0,3,XL,Women,2025-05-23 05:20:12.803
Crewneck 973,7134400.0,3.9,3,L,Men,2025-05-23 05:20:12.803
Jacket 972,7272000.0,4.4,3,M,Unisex,2025-05-23 05:20:12.803
T-shirt 968,4045120.0,4.4,3,L,Women,2025-05-23 05:20:12.802
Jacket 966,8499520.0,4.9,3,S,Unisex,2025-05-23 05:20:12.802
Crewneck 967,1744000.0,3.5,3,M,Men,2025-05-23 05:20:12.802
Pants 970,952960.0,4.6,3,XXL,Men,2025-05-23 05:20:12.802
Hoodie 969,4231840.0,3.8,3,XL,Unisex,2025-05-23 05:20:12.802
Outerwear 965,3107200.0,4.5,3,XXL,Women,2025-05-23 05:20:12.801
Pants 964,3885280.0,3.3,3,XL,Men,2025-05-23 05:20:12.801
Hoodie 963,7916160.0,4.6,3,L,Unisex,2025-05-23 05:20:12.801
T-shirt 962,2887840.0,4.1,3,M,Women,2025-05-23 05:20:12.801
Jacket 960,5840160.0,4.5,3,XXL,Unisex,2025-05-23 05:20:11.675
T-shirt 956,4457600.0,3.1,3,S,Women,2025-05-23 05:20:11.674
Pants 952,7155040.0,3.7,3,M,Men,2025-05-23 05:20:11.674
Outerwear 953,8423200.0,3.8,3,L,Women,2025-05-23 05:20:11.674
Crewneck 955,7006560.0,4.7,3,XXL,Men,2025-05-23 05:20:11.674
Jacket 954,3878720.0,4.1,3,XL,Unisex,2025-05-23 05:20:11.674
Hoodie 957,4024320.0,4.4,3,M,Unisex,2025-05-23 05:20:11.674
Pants 958,3946240.0,4.8,3,L,Men,2025-05-23 05:20:11.674
Outerwear 959,6828480.0,4.6,3,XL,Women,2025-05-23 05:20:11.674
T-shirt 950,7691680.0,4.9,3,XXL,Women,2025-05-23 05:20:11.673
Crewneck 949,1844320.0,4.4,3,XL,Men,2025-05-23 05:20:11.673
Jacket 948,4600480.0,3.9,3,L,Unisex,2025-05-23 05:20:11.673
Outerwear 947,7079680.0,4.6,3,M,Women,2025-05-23 05:20:11.673
Hoodie 945,2107680.0,4.2,3,XXL,Unisex,2025-05-23 05:20:11.673
T-shirt 944,1578240.0,4.6,3,XL,Women,2025-05-23 05:20:11.672
Crewneck 943,4571040.0,4.4,3,L,Men,2025-05-23 05:20:11.672
Jacket 942,7972960.0,3.0,3,M,Unisex,2025-05-23 05:20:11.672
Hoodie 939,4466080.0,4.8,3,XL,Unisex,2025-05-23 05:20:10.557
T-shirt 938,4058400.0,3.6,3,L,Women,2025-05-23 05:20:10.557
Pants 940,5776000.0,3.7,3,XXL,Men,2025-05-23 05:20:10.557
Crewneck 937,2475360.0,4.1,3,M,Men,2025-05-23 05:20:10.556
Jacket 936,6165440.0,3.1,3,S,Unisex,2025-05-23 05:20:10.556
Outerwear 935,6048000.0,4.1,3,XXL,Women,2025-05-23 05:20:10.556
Pants 934,2248160.0,3.6,3,XL,Men,2025-05-23 05:20:10.556
Hoodie 933,4960800.0,3.4,3,L,Unisex,2025-05-23 05:20:10.556
T-shirt 932,5937600.0,4.2,3,M,Women,2025-05-23 05:20:10.556
Hoodie 927,7706400.0,3.5,3,M,Unisex,2025-05-23 05:20:10.555
Jacket 924,3764320.0,3.8,3,XL,Unisex,2025-05-23 05:20:10.555
Crewneck 925,7900800.0,4.5,3,XXL,Men,2025-05-23 05:20:10.555
T-shirt 926,1911040.0,4.6,3,S,Women,2025-05-23 05:20:10.555
Pants 928,3911680.0,3.4,3,L,Men,2025-05-23 05:20:10.555
Outerwear 929,1253440.0,3.3,3,XL,Women,2025-05-23 05:20:10.555
Jacket 930,1741120.0,4.9,3,XXL,Unisex,2025-05-23 05:20:10.555
Outerwear 923,2435840.0,3.7,3,L,Women,2025-05-23 05:20:10.554
Pants 922,1210880.0,4.4,3,M,Men,2025-05-23 05:20:10.554
T-shirt 920,3706080.0,3.2,3,XXL,Women,2025-05-23 05:20:09.428
Crewneck 919,8364000.0,4.7,3,XL,Men,2025-05-23 05:20:09.428
Jacket 918,5380800.0,3.3,3,L,Unisex,2025-05-23 05:20:09.428
Outerwear 917,6061600.0,4.0,3,M,Women,2025-05-23 05:20:09.428
Hoodie 915,2649120.0,4.2,3,XXL,Unisex,2025-05-23 05:20:09.428
Pants 910,2395200.0,4.7,3,XXL,Men,2025-05-23 05:20:09.427
Crewneck 907,8732640.0,4.9,3,M,Men,2025-05-23 05:20:09.427
T-shirt 908,7954880.0,4.2,3,L,Women,2025-05-23 05:20:09.427
Hoodie 909,8383840.0,3.6,3,XL,Unisex,2025-05-23 05:20:09.427
Jacket 912,7853280.0,4.9,3,M,Unisex,2025-05-23 05:20:09.427
Crewneck 913,3222240.0,3.5,3,L,Men,2025-05-23 05:20:09.427
T-shirt 914,5799200.0,4.6,3,XL,Women,2025-05-23 05:20:09.427
Jacket 906,4301760.0,3.9,3,S,Unisex,2025-05-23 05:20:09.426
Outerwear 905,5027840.0,4.9,3,XXL,Women,2025-05-23 05:20:09.426
Pants 904,3356320.0,3.9,3,XL,Men,2025-05-23 05:20:09.426
Hoodie 903,2617920.0,4.1,3,L,Unisex,2025-05-23 05:20:09.426
T-shirt 902,3164000.0,3.6,3,M,Women,2025-05-23 05:20:09.426
Hoodie 897,6077920.0,3.1,3,M,Unisex,2025-05-23 05:20:08.297
Jacket 894,2946560.0,4.8,3,XL,Unisex,2025-05-23 05:20:08.297
Crewneck 895,1126720.0,4.3,3,XXL,Men,2025-05-23 05:20:08.297
T-shirt 896,7873760.0,4.9,3,S,Women,2025-05-23 05:20:08.297
Pants 898,8408640.0,4.1,3,L,Men,2025-05-23 05:20:08.297
Outerwear 899,6192960.0,4.8,3,XL,Women,2025-05-23 05:20:08.297
Jacket 900,7214240.0,3.3,3,XXL,Unisex,2025-05-23 05:20:08.297
Outerwear 893,2673600.0,3.2,3,L,Women,2025-05-23 05:20:08.296
Pants 892,8515360.0,4.4,3,M,Men,2025-05-23 05:20:08.296
T-shirt 890,6439040.0,4.7,3,XXL,Women,2025-05-23 05:20:08.296
Crewneck 889,6333920.0,4.6,3,XL,Men,2025-05-23 05:20:08.296
Jacket 888,7869280.0,4.2,3,L,Unisex,2025-05-23 05:20:08.296
Outerwear 887,7806400.0,3.8,3,M,Women,2025-05-23 05:20:08.296
Hoodie 885,4760640.0,3.4,3,XXL,Unisex,2025-05-23 05:20:08.295
T-shirt 884,7414720.0,4.3,3,XL,Women,2025-05-23 05:20:08.295
Crewneck 883,5901120.0,3.6,3,L,Men,2025-05-23 05:20:08.295
Jacket 882,6420960.0,3.3,3,M,Unisex,2025-05-23 05:20:08.295
Outerwear 875,2506720.0,4.6,3,XXL,Women,2025-05-23 05:20:07.175
Crewneck 877,4552640.0,4.6,3,M,Men,2025-05-23 05:20:07.175
Jacket 876,3225760.0,4.6,3,S,Unisex,2025-05-23 05:20:07.175
Hoodie 879,1026880.0,3.1,3,XL,Unisex,2025-05-23 05:20:07.175
T-shirt 878,4809760.0,4.7,3,L,Women,2025-05-23 05:20:07.175
Pants 880,6497760.0,4.3,3,XXL,Men,2025-05-23 05:20:07.175
Pants 874,2755200.0,4.4,3,XL,Men,2025-05-23 05:20:07.174
Hoodie 873,8321600.0,4.8,3,L,Unisex,2025-05-23 05:20:07.174
T-shirt 872,1343680.0,4.3,3,M,Women,2025-05-23 05:20:07.174
Jacket 870,6395040.0,3.5,3,XXL,Unisex,2025-05-23 05:20:07.174
Outerwear 869,6040320.0,4.5,3,XL,Women,2025-05-23 05:20:07.174
Pants 868,7473760.0,4.6,3,L,Men,2025-05-23 05:20:07.174
Hoodie 867,1303840.0,3.3,3,M,Unisex,2025-05-23 05:20:07.174
T-shirt 866,2399040.0,3.2,3,S,Women,2025-05-23 05:20:07.174
Jacket 864,2168000.0,4.5,3,XL,Unisex,2025-05-23 05:20:07.173
Outerwear 863,1071360.0,4.0,3,L,Women,2025-05-23 05:20:07.173
Pants 862,4131360.0,3.3,3,M,Men,2025-05-23 05:20:07.173
Crewneck 865,6805120.0,3.9,3,XXL,Men,2025-05-23 05:20:07.173
T-shirt 860,2419360.0,4.7,3,XXL,Women,2025-05-23 05:20:06.004
Crewneck 859,6418560.0,3.0,3,XL,Men,2025-05-23 05:20:06.004
Jacket 858,3748640.0,3.7,3,L,Unisex,2025-05-23 05:20:06.004
Outerwear 857,4532800.0,3.0,3,M,Women,2025-05-23 05:20:06.004
Hoodie 855,3249760.0,5.0,3,XXL,Unisex,2025-05-23 05:20:06.004
T-shirt 854,1600000.0,4.5,3,XL,Women,2025-05-23 05:20:06.003
Crewneck 853,2643840.0,3.4,3,L,Men,2025-05-23 05:20:06.003
Jacket 852,2777280.0,4.1,3,M,Unisex,2025-05-23 05:20:06.003
Pants 850,4144160.0,4.2,3,XXL,Men,2025-05-23 05:20:06.003
Hoodie 849,7816160.0,3.5,3,XL,Unisex,2025-05-23 05:20:06.003
T-shirt 848,6134240.0,4.1,3,L,Women,2025-05-23 05:20:06.003
Crewneck 847,4789920.0,3.7,3,M,Men,2025-05-23 05:20:06.003
Pants 844,7422880.0,3.9,3,XL,Men,2025-05-23 05:20:06.002
T-shirt 842,2859040.0,3.3,3,M,Women,2025-05-23 05:20:06.002
Hoodie 843,2997120.0,3.6,3,L,Unisex,2025-05-23 05:20:06.002
Jacket 846,7480480.0,3.6,3,S,Unisex,2025-05-23 05:20:06.002
Outerwear 845,2023200.0,3.2,3,XXL,Women,2025-05-23 05:20:06.002
Jacket 840,8164640.0,3.6,3,XXL,Unisex,2025-05-23 05:20:04.857
Outerwear 839,4208320.0,3.9,3,XL,Women,2025-05-23 05:20:04.857
Pants 838,2848800.0,3.1,3,L,Men,2025-05-23 05:20:04.857
Hoodie 837,5532640.0,5.0,3,M,Unisex,2025-05-23 05:20:04.857
T-shirt 836,6065440.0,4.1,3,S,Women,2025-05-23 05:20:04.856
Crewneck 835,7143360.0,3.9,3,XXL,Men,2025-05-23 05:20:04.856
Jacket 834,7223680.0,3.1,3,XL,Unisex,2025-05-23 05:20:04.856
Outerwear 833,7101280.0,3.0,3,L,Women,2025-05-23 05:20:04.856
Pants 832,3955360.0,4.6,3,M,Men,2025-05-23 05:20:04.856
T-shirt 830,4496480.0,3.0,3,XXL,Women,2025-05-23 05:20:04.856
Hoodie 825,1058400.0,3.8,3,XXL,Unisex,2025-05-23 05:20:04.855
Crewneck 823,6103520.0,4.7,3,L,Men,2025-05-23 05:20:04.855
T-shirt 824,3301440.0,4.1,3,XL,Women,2025-05-23 05:20:04.855
Crewneck 829,4630400.0,4.4,3,XL,Men,2025-05-23 05:20:04.855
Outerwear 827,7091040.0,4.8,3,M,Women,2025-05-23 05:20:04.855
Jacket 828,2324000.0,4.6,3,L,Unisex,2025-05-23 05:20:04.855
Jacket 822,838240.0,4.2,3,M,Unisex,2025-05-23 05:20:04.854
Pants 820,6030720.0,3.4,3,XXL,Men,2025-05-23 05:20:03.698
Hoodie 819,4742400.0,4.7,3,XL,Unisex,2025-05-23 05:20:03.698
T-shirt 818,5160320.0,3.8,3,L,Women,2025-05-23 05:20:03.698
Pants 814,1110080.0,4.7,3,XL,Men,2025-05-23 05:20:03.697
T-shirt 812,6406080.0,4.2,3,M,Women,2025-05-23 05:20:03.697
Hoodie 813,4872800.0,5.0,3,L,Unisex,2025-05-23 05:20:03.697
Crewneck 817,8744160.0,4.4,3,M,Men,2025-05-23 05:20:03.697
Outerwear 815,5985440.0,4.8,3,XXL,Women,2025-05-23 05:20:03.697
Jacket 816,1649120.0,4.5,3,S,Unisex,2025-05-23 05:20:03.697
Jacket 810,3796640.0,4.8,3,XXL,Unisex,2025-05-23 05:20:03.696
Outerwear 809,7162560.0,3.7,3,XL,Women,2025-05-23 05:20:03.696
Pants 808,8717760.0,3.2,3,L,Men,2025-05-23 05:20:03.696
Hoodie 807,5016000.0,4.7,3,M,Unisex,2025-05-23 05:20:03.696
T-shirt 806,7310560.0,3.0,3,S,Women,2025-05-23 05:20:03.696
Crewneck 805,3266720.0,4.8,3,XXL,Men,2025-05-23 05:20:03.696
Jacket 804,4459040.0,3.9,3,XL,Unisex,2025-05-23 05:20:03.695
Outerwear 803,1875360.0,4.3,3,L,Women,2025-05-23 05:20:03.695
Pants 802,5710240.0,4.4,3,M,Men,2025-05-23 05:20:03.695
Jacket 798,4391040.0,3.4,3,L,Unisex,2025-05-23 05:20:02.554
Outerwear 797,2771360.0,4.9,3,M,Women,2025-05-23 05:20:02.554
T-shirt 800,7433280.0,4.6,3,XXL,Women,2025-05-23 05:20:02.554
Crewneck 799,4048800.0,4.2,3,XL,Men,2025-05-23 05:20:02.554
Hoodie 795,4209600.0,3.9,3,XXL,Unisex,2025-05-23 05:20:02.553
T-shirt 794,5983040.0,4.0,3,XL,Women,2025-05-23 05:20:02.553
Crewneck 793,8650080.0,4.0,3,L,Men,2025-05-23 05:20:02.553
Jacket 792,4068960.0,3.8,3,M,Unisex,2025-05-23 05:20:02.553
Pants 790,1708320.0,3.2,3,XXL,Men,2025-05-23 05:20:02.553
Hoodie 789,2153280.0,4.0,3,XL,Unisex,2025-05-23 05:20:02.553
T-shirt 788,3041120.0,4.7,3,L,Women,2025-05-23 05:20:02.553
T-shirt 782,4117440.0,4.5,3,M,Women,2025-05-23 05:20:02.552
Hoodie 783,2510720.0,3.0,3,L,Unisex,2025-05-23 05:20:02.552
Pants 784,5341280.0,3.0,3,XL,Men,2025-05-23 05:20:02.552
Outerwear 785,6444480.0,4.3,3,XXL,Women,2025-05-23 05:20:02.552
Jacket 786,6749280.0,5.0,3,S,Unisex,2025-05-23 05:20:02.552
Crewneck 787,4593600.0,4.7,3,M,Men,2025-05-23 05:20:02.552
Jacket 780,2767520.0,3.4,3,XXL,Unisex,2025-05-23 05:20:00.890
Outerwear 779,5816480.0,3.2,3,XL,Women,2025-05-23 05:20:00.890
Pants 778,6034720.0,4.2,3,L,Men,2025-05-23 05:20:00.890
Hoodie 777,6104800.0,3.4,3,M,Unisex,2025-05-23 05:20:00.889
T-shirt 776,5333120.0,3.7,3,S,Women,2025-05-23 05:20:00.889
Crewneck 775,8189440.0,3.1,3,XXL,Men,2025-05-23 05:20:00.889
Jacket 774,1485760.0,4.1,3,XL,Unisex,2025-05-23 05:20:00.889
Outerwear 773,3393600.0,3.2,3,L,Women,2025-05-23 05:20:00.889
Pants 772,8748160.0,3.4,3,M,Men,2025-05-23 05:20:00.889
Jacket 768,5662080.0,4.9,3,L,Unisex,2025-05-23 05:20:00.888
Hoodie 765,1343360.0,4.9,3,XXL,Unisex,2025-05-23 05:20:00.888
Outerwear 767,4152800.0,4.5,3,M,Women,2025-05-23 05:20:00.888
T-shirt 770,1655040.0,3.5,3,XXL,Women,2025-05-23 05:20:00.888
Crewneck 769,6294560.0,3.3,3,XL,Men,2025-05-23 05:20:00.888
T-shirt 764,7211680.0,3.4,3,XL,Women,2025-05-23 05:20:00.887
Crewneck 763,5792640.0,3.9,3,L,Men,2025-05-23 05:20:00.887
Jacket 762,4091840.0,4.9,3,M,Unisex,2025-05-23 05:20:00.887
Pants 760,2191040.0,4.1,3,XXL,Men,2025-05-23 05:19:59.741
Hoodie 759,2779840.0,4.7,3,XL,Unisex,2025-05-23 05:19:59.741
Outerwear 755,6910400.0,4.6,3,XXL,Women,2025-05-23 05:19:59.740
T-shirt 752,7431520.0,3.8,3,M,Women,2025-05-23 05:19:59.740
Pants 754,7229760.0,3.1,3,XL,Men,2025-05-23 05:19:59.740
Hoodie 753,8137600.0,4.8,3,L,Unisex,2025-05-23 05:19:59.740
Jacket 756,7128000.0,3.1,3,S,Unisex,2025-05-23 05:19:59.740
T-shirt 758,6025920.0,3.1,3,L,Women,2025-05-23 05:19:59.740
Crewneck 757,7582720.0,4.4,3,M,Men,2025-05-23 05:19:59.740
Jacket 750,1030400.0,3.7,3,XXL,Unisex,2025-05-23 05:19:59.739
Outerwear 749,2627360.0,3.2,3,XL,Women,2025-05-23 05:19:59.739
Pants 748,3134080.0,3.7,3,L,Men,2025-05-23 05:19:59.739
Hoodie 747,6326880.0,4.7,3,M,Unisex,2025-05-23 05:19:59.739
T-shirt 746,1517440.0,5.0,3,S,Women,2025-05-23 05:19:59.739
Crewneck 745,2882560.0,3.8,3,XXL,Men,2025-05-23 05:19:59.739
Jacket 744,5175680.0,4.1,3,XL,Unisex,2025-05-23 05:19:59.738
Outerwear 743,5678080.0,3.0,3,L,Women,2025-05-23 05:19:59.738
Pants 742,5626080.0,3.6,3,M,Men,2025-05-23 05:19:59.738
T-shirt 740,7016640.0,3.4,3,XXL,Women,2025-05-23 05:19:58.593
Crewneck 739,8072960.0,3.3,3,XL,Men,2025-05-23 05:19:58.593
T-shirt 734,6858560.0,4.2,3,XL,Women,2025-05-23 05:19:58.592
Jacket 732,6597600.0,3.9,3,M,Unisex,2025-05-23 05:19:58.592
Crewneck 733,1162880.0,4.7,3,L,Men,2025-05-23 05:19:58.592
Hoodie 735,4664320.0,4.0,3,XXL,Unisex,2025-05-23 05:19:58.592
Outerwear 737,1015680.0,4.7,3,M,Women,2025-05-23 05:19:58.592
Jacket 738,1893920.0,3.7,3,L,Unisex,2025-05-23 05:19:58.592
Pants 730,7228800.0,4.5,3,XXL,Men,2025-05-23 05:19:58.591
Hoodie 729,6431360.0,3.6,3,XL,Unisex,2025-05-23 05:19:58.591
T-shirt 728,8173440.0,3.0,3,L,Women,2025-05-23 05:19:58.591
Crewneck 727,4024000.0,4.8,3,M,Men,2025-05-23 05:19:58.591
Jacket 726,6345920.0,3.5,3,S,Unisex,2025-05-23 05:19:58.591
Outerwear 725,4979200.0,3.0,3,XXL,Women,2025-05-23 05:19:58.591
Pants 724,4824800.0,4.7,3,XL,Men,2025-05-23 05:19:58.590
Hoodie 723,5664800.0,3.4,3,L,Unisex,2025-05-23 05:19:58.590
T-shirt 722,8724320.0,3.2,3,M,Women,2025-05-23 05:19:58.590
Outerwear 719,3172960.0,4.7,3,XL,Women,2025-05-23 05:19:57.441
Pants 718,4057120.0,3.2,3,L,Men,2025-05-23 05:19:57.441
Jacket 720,2028320.0,3.8,3,XXL,Unisex,2025-05-23 05:19:57.441
T-shirt 716,3602560.0,4.9,3,S,Women,2025-05-23 05:19:57.440
Crewneck 715,7021760.0,3.9,3,XXL,Men,2025-05-23 05:19:57.440
Jacket 714,892320.0,3.1,3,XL,Unisex,2025-05-23 05:19:57.440
Outerwear 713,3142880.0,4.4,3,L,Women,2025-05-23 05:19:57.440
Pants 712,1510400.0,4.1,3,M,Men,2025-05-23 05:19:57.440
T-shirt 710,3751520.0,3.2,3,XXL,Women,2025-05-23 05:19:57.440
Hoodie 717,1532800.0,3.6,3,M,Unisex,2025-05-23 05:19:57.440
T-shirt 704,6214240.0,4.1,3,XL,Women,2025-05-23 05:19:57.439
Outerwear 707,7746240.0,4.4,3,M,Women,2025-05-23 05:19:57.439
Hoodie 705,3042880.0,3.1,3,XXL,Unisex,2025-05-23 05:19:57.439
Jacket 708,8541280.0,4.3,3,L,Unisex,2025-05-23 05:19:57.439
Crewneck 709,7022400.0,3.9,3,XL,Men,2025-05-23 05:19:57.439
Crewneck 703,2949120.0,4.2,3,L,Men,2025-05-23 05:19:57.438
Jacket 702,4927680.0,4.3,3,M,Unisex,2025-05-23 05:19:57.438
Pants 700,3526560.0,4.3,3,XXL,Men,2025-05-23 05:19:56.307
Hoodie 699,5250240.0,4.5,3,XL,Unisex,2025-05-23 05:19:56.307
T-shirt 698,2444960.0,4.1,3,L,Women,2025-05-23 05:19:56.307
Crewneck 697,6545120.0,5.0,3,M,Men,2025-05-23 05:19:56.307
Jacket 696,5146240.0,4.2,3,S,Unisex,2025-05-23 05:19:56.306
Outerwear 695,959360.0,3.3,3,XXL,Women,2025-05-23 05:19:56.306
Pants 694,2466720.0,3.4,3,XL,Men,2025-05-23 05:19:56.306
Pants 688,1487520.0,4.4,3,L,Men,2025-05-23 05:19:56.305
Outerwear 689,1939040.0,4.6,3,XL,Women,2025-05-23 05:19:56.305
Hoodie 687,4220800.0,4.7,3,M,Unisex,2025-05-23 05:19:56.305
Jacket 690,8782560.0,4.7,3,XXL,Unisex,2025-05-23 05:19:56.305
T-shirt 692,1416480.0,4.1,3,M,Women,2025-05-23 05:19:56.305
Hoodie 693,3031680.0,4.1,3,L,Unisex,2025-05-23 05:19:56.305
T-shirt 686,5381760.0,3.8,3,S,Women,2025-05-23 05:19:56.304
Crewneck 685,1495840.0,4.6,3,XXL,Men,2025-05-23 05:19:56.304
Jacket 684,7102560.0,3.5,3,XL,Unisex,2025-05-23 05:19:56.304
Outerwear 683,3907360.0,3.6,3,L,Women,2025-05-23 05:19:56.304
Pants 682,7616480.0,3.9,3,M,Men,2025-05-23 05:19:56.304
T-shirt 680,8164800.0,3.2,3,XXL,Women,2025-05-23 05:19:55.179
Crewneck 679,6373120.0,3.2,3,XL,Men,2025-05-23 05:19:55.179
Jacket 678,2777120.0,4.3,3,L,Unisex,2025-05-23 05:19:55.179
Outerwear 677,4657440.0,3.3,3,M,Women,2025-05-23 05:19:55.179
Hoodie 675,4314880.0,3.2,3,XXL,Unisex,2025-05-23 05:19:55.179
Pants 670,8406720.0,4.8,3,XXL,Men,2025-05-23 05:19:55.178
T-shirt 668,5044640.0,3.7,3,L,Women,2025-05-23 05:19:55.178
Hoodie 669,2346080.0,3.3,3,XL,Unisex,2025-05-23 05:19:55.178
T-shirt 674,3156640.0,3.1,3,XL,Women,2025-05-23 05:19:55.178
Jacket 672,4776160.0,4.5,3,M,Unisex,2025-05-23 05:19:55.178
Crewneck 673,2803360.0,4.7,3,L,Men,2025-05-23 05:19:55.178
Crewneck 667,1756640.0,3.7,3,M,Men,2025-05-23 05:19:55.177
Jacket 666,4844000.0,3.9,3,S,Unisex,2025-05-23 05:19:55.177
Outerwear 665,4033600.0,3.2,3,XXL,Women,2025-05-23 05:19:55.177
Pants 664,8248639.999999999,3.5,3,XL,Men,2025-05-23 05:19:55.177
Hoodie 663,7087200.0,4.0,3,L,Unisex,2025-05-23 05:19:55.177
T-shirt 662,1422720.0,4.5,3,M,Women,2025-05-23 05:19:55.177
Outerwear 659,1817920.0,3.3,3,XL,Women,2025-05-23 05:19:54.004
Pants 658,6268320.0,3.8,3,L,Men,2025-05-23 05:19:54.004
Jacket 660,8715200.0,3.5,3,XXL,Unisex,2025-05-23 05:19:54.004
Hoodie 657,8459040.0,4.8,3,M,Unisex,2025-05-23 05:19:54.003
T-shirt 656,2538720.0,4.2,3,S,Women,2025-05-23 05:19:54.003
Crewneck 655,1834240.0,4.1,3,XXL,Men,2025-05-23 05:19:54.003
Jacket 654,4089440.0,4.7,3,XL,Unisex,2025-05-23 05:19:54.003
Outerwear 653,2622080.0,4.0,3,L,Women,2025-05-23 05:19:54.003
Pants 652,6084960.0,3.3,3,M,Men,2025-05-23 05:19:54.003
T-shirt 650,8012800.0,3.4,3,XXL,Women,2025-05-23 05:19:54.003
Hoodie 645,3285440.0,3.3,3,XXL,Unisex,2025-05-23 05:19:54.002
Crewneck 643,6116000.0,3.2,3,L,Men,2025-05-23 05:19:54.002
T-shirt 644,7479360.0,4.2,3,XL,Women,2025-05-23 05:19:54.002
Jacket 648,8699520.0,4.5,3,L,Unisex,2025-05-23 05:19:54.002
Outerwear 647,4304960.0,3.8,3,M,Women,2025-05-23 05:19:54.002
Crewneck 649,8588160.0,3.2,3,XL,Men,2025-05-23 05:19:54.002
Jacket 642,7747360.0,4.7,3,M,Unisex,2025-05-23 05:19:54.001
Pants 640,3038560.0,3.8,3,XXL,Men,2025-05-23 05:19:52.871
Jacket 636,3476320.0,4.5,3,S,Unisex,2025-05-23 05:19:52.870
Pants 634,8535680.0,3.9,3,XL,Men,2025-05-23 05:19:52.870
Outerwear 635,6897120.0,4.1,3,XXL,Women,2025-05-23 05:19:52.870
Hoodie 633,3128000.0,3.1,3,L,Unisex,2025-05-23 05:19:52.870
Crewneck 637,6030240.0,4.0,3,M,Men,2025-05-23 05:19:52.870
T-shirt 638,5220960.0,4.6,3,L,Women,2025-05-23 05:19:52.870
Hoodie 639,6782720.0,4.7,3,XL,Unisex,2025-05-23 05:19:52.870
Hoodie 627,1232320.0,3.2,3,M,Unisex,2025-05-23 05:19:52.869
Pants 628,8113120.0,4.3,3,L,Men,2025-05-23 05:19:52.869
T-shirt 626,7777440.0,4.5,3,S,Women,2025-05-23 05:19:52.869
Crewneck 625,7826400.0,4.1,3,XXL,Men,2025-05-23 05:19:52.869
Outerwear 629,3997920.0,4.4,3,XL,Women,2025-05-23 05:19:52.869
Jacket 630,1003680.0,3.8,3,XXL,Unisex,2025-05-23 05:19:52.869
T-shirt 632,4314240.0,3.6,3,M,Women,2025-05-23 05:19:52.869
Jacket 624,6943200.0,3.9,3,XL,Unisex,2025-05-23 05:19:52.868
Outerwear 623,7299520.0,4.6,3,L,Women,2025-05-23 05:19:52.868
Pants 622,4849600.0,3.5,3,M,Men,2025-05-23 05:19:52.868
T-shirt 620,2270240.0,3.3,3,XXL,Women,2025-05-23 05:19:51.722
Crewneck 619,8340639.999999999,4.4,3,XL,Men,2025-05-23 05:19:51.722
Jacket 618,6474080.0,3.3,3,L,Unisex,2025-05-23 05:19:51.722
Outerwear 617,1765920.0,4.3,3,M,Women,2025-05-23 05:19:51.722
T-shirt 614,2428160.0,3.1,3,XL,Women,2025-05-23 05:19:51.721
Jacket 612,3202720.0,3.1,3,M,Unisex,2025-05-23 05:19:51.721
Crewneck 613,1013920.0,3.6,3,L,Men,2025-05-23 05:19:51.721
Hoodie 615,4798720.0,4.8,3,XXL,Unisex,2025-05-23 05:19:51.721
Pants 610,4515360.0,3.3,3,XXL,Men,2025-05-23 05:19:51.720
Hoodie 609,2956320.0,4.1,3,XL,Unisex,2025-05-23 05:19:51.720
T-shirt 608,7047840.0,4.6,3,L,Women,2025-05-23 05:19:51.720
Crewneck 607,3857600.0,3.1,3,M,Men,2025-05-23 05:19:51.720
Jacket 606,5770720.0,4.6,3,S,Unisex,2025-05-23 05:19:51.720
Outerwear 605,1710720.0,3.7,3,XXL,Women,2025-05-23 05:19:51.720
Pants 604,7662240.0,4.3,3,XL,Men,2025-05-23 05:19:51.720
Hoodie 603,7511520.0,3.1,3,L,Unisex,2025-05-23 05:19:51.719
T-shirt 602,2260960.0,4.4,3,M,Women,2025-05-23 05:19:51.719
Pants 598,4714080.0,4.1,3,L,Men,2025-05-23 05:19:50.591
Hoodie 597,7969440.0,3.3,3,M,Unisex,2025-05-23 05:19:50.591
T-shirt 596,8290400.0,4.4,3,S,Women,2025-05-23 05:19:50.591
Outerwear 599,1179040.0,3.3,3,XL,Women,2025-05-23 05:19:50.591
Jacket 600,6414080.0,3.0,3,XXL,Unisex,2025-05-23 05:19:50.591
Crewneck 595,3723840.0,3.5,3,XXL,Men,2025-05-23 05:19:50.590
Jacket 594,8707680.0,4.2,3,XL,Unisex,2025-05-23 05:19:50.590
Outerwear 593,7163840.0,3.9,3,L,Women,2025-05-23 05:19:50.590
Pants 592,6805440.0,4.3,3,M,Men,2025-05-23 05:19:50.590
T-shirt 590,6457120.0,3.9,3,XXL,Women,2025-05-23 05:19:50.590
Crewneck 589,931840.0,4.7,3,XL,Men,2025-05-23 05:19:50.590
Crewneck 583,5737760.0,4.5,3,L,Men,2025-05-23 05:19:50.589
Jacket 588,4963040.0,4.7,3,L,Unisex,2025-05-23 05:19:50.589
Outerwear 587,4424960.0,4.4,3,M,Women,2025-05-23 05:19:50.589
Hoodie 585,6186880.0,4.9,3,XXL,Unisex,2025-05-23 05:19:50.589
T-shirt 584,6964960.0,4.8,3,XL,Women,2025-05-23 05:19:50.589
Jacket 582,4112160.0,4.1,3,M,Unisex,2025-05-23 05:19:50.588
Pants 580,2625440.0,3.3,3,XXL,Men,2025-05-23 05:19:49.449
Hoodie 579,4428640.0,4.4,3,XL,Unisex,2025-05-23 05:19:49.449
T-shirt 578,7958880.0,4.1,3,L,Women,2025-05-23 05:19:49.449
Crewneck 577,7873920.0,3.3,3,M,Men,2025-05-23 05:19:49.449
Jacket 576,805600.0,3.5,3,S,Unisex,2025-05-23 05:19:49.449
Outerwear 575,3517760.0,3.4,3,XXL,Women,2025-05-23 05:19:49.448
Pants 574,2424000.0,3.8,3,XL,Men,2025-05-23 05:19:49.448
Hoodie 573,6954080.0,4.5,3,L,Unisex,2025-05-23 05:19:49.448
T-shirt 572,4756320.0,3.2,3,M,Women,2025-05-23 05:19:49.448
Jacket 570,4000960.0,3.9,3,XXL,Unisex,2025-05-23 05:19:49.448
Outerwear 569,4966880.0,4.7,3,XL,Women,2025-05-23 05:19:49.448
Pants 568,2984160.0,3.3,3,L,Men,2025-05-23 05:19:49.448
Pants 562,3724160.0,4.5,3,M,Men,2025-05-23 05:19:49.447
Outerwear 563,8197440.000000001,4.7,3,L,Women,2025-05-23 05:19:49.447
Jacket 564,8319200.000000001,4.3,3,XL,Unisex,2025-05-23 05:19:49.447
Crewneck 565,7635200.0,3.5,3,XXL,Men,2025-05-23 05:19:49.447
T-shirt 566,2611360.0,4.6,3,S,Women,2025-05-23 05:19:49.447
Hoodie 567,4576160.0,3.2,3,M,Unisex,2025-05-23 05:19:49.447
T-shirt 560,6885280.0,4.2,3,XXL,Women,2025-05-23 05:19:48.312
Crewneck 559,1590880.0,3.5,3,XL,Men,2025-05-23 05:19:48.312
Jacket 558,5007040.0,4.0,3,L,Unisex,2025-05-23 05:19:48.312
Outerwear 557,5460480.0,3.4,3,M,Women,2025-05-23 05:19:48.311
Hoodie 555,1809600.0,3.0,3,XXL,Unisex,2025-05-23 05:19:48.311
T-shirt 554,4001120.0,4.5,3,XL,Women,2025-05-23 05:19:48.311
Crewneck 553,7760800.0,3.8,3,L,Men,2025-05-23 05:19:48.311
Jacket 552,5380320.0,4.1,3,M,Unisex,2025-05-23 05:19:48.311
Pants 550,4450080.0,4.9,3,XXL,Men,2025-05-23 05:19:48.311
Jacket 546,6271520.0,3.3,3,S,Unisex,2025-05-23 05:19:48.310
Hoodie 543,8715680.0,4.7,3,L,Unisex,2025-05-23 05:19:48.310
Pants 544,5957760.0,3.1,3,XL,Men,2025-05-23 05:19:48.310
Outerwear 545,3579360.0,4.0,3,XXL,Women,2025-05-23 05:19:48.310
Hoodie 549,2687200.0,3.7,3,XL,Unisex,2025-05-23 05:19:48.310
Crewneck 547,5361120.0,3.9,3,M,Men,2025-05-23 05:19:48.310
T-shirt 548,2686240.0,4.6,3,L,Women,2025-05-23 05:19:48.310
T-shirt 542,4761440.0,3.5,3,M,Women,2025-05-23 05:19:48.309
Jacket 540,7051840.0,4.4,3,XXL,Unisex,2025-05-23 05:19:47.136
T-shirt 536,5092480.0,3.0,3,S,Women,2025-05-23 05:19:47.135
Outerwear 533,3370240.0,4.2,3,L,Women,2025-05-23 05:19:47.135
Pants 532,8391200.0,4.1,3,M,Men,2025-05-23 05:19:47.135
Crewneck 535,3901280.0,3.7,3,XXL,Men,2025-05-23 05:19:47.135
Jacket 534,3479200.0,3.7,3,XL,Unisex,2025-05-23 05:19:47.135
Hoodie 537,8671840.0,3.1,3,M,Unisex,2025-05-23 05:19:47.135
Outerwear 539,4692640.0,4.7,3,XL,Women,2025-05-23 05:19:47.135
Pants 538,6134240.0,3.4,3,L,Men,2025-05-23 05:19:47.135
Jacket 528,5595840.0,4.0,3,L,Unisex,2025-05-23 05:19:47.134
T-shirt 524,936000.0,3.8,3,XL,Women,2025-05-23 05:19:47.134
Outerwear 527,4669280.0,3.6,3,M,Women,2025-05-23 05:19:47.134
Hoodie 525,7919040.0,3.6,3,XXL,Unisex,2025-05-23 05:19:47.134
Crewneck 529,1420160.0,3.2,3,XL,Men,2025-05-23 05:19:47.134
T-shirt 530,6173760.0,3.3,3,XXL,Women,2025-05-23 05:19:47.134
Crewneck 523,3626720.0,4.6,3,L,Men,2025-05-23 05:19:47.133
Jacket 522,6292960.0,4.0,3,M,Unisex,2025-05-23 05:19:47.133
Pants 520,2308320.0,3.8,3,XXL,Men,2025-05-23 05:19:46.013
Hoodie 519,2236160.0,4.5,3,XL,Unisex,2025-05-23 05:19:46.013
Pants 514,6888960.0,3.9,3,XL,Men,2025-05-23 05:19:46.012
Jacket 510,1562080.0,3.4,3,XXL,Unisex,2025-05-23 05:19:46.012
T-shirt 512,4319680.0,3.7,3,M,Women,2025-05-23 05:19:46.012
Hoodie 513,1693760.0,4.4,3,L,Unisex,2025-05-23 05:19:46.012
T-shirt 518,2575680.0,4.1,3,L,Women,2025-05-23 05:19:46.012
Outerwear 515,7262560.0,3.1,3,XXL,Women,2025-05-23 05:19:46.012
Jacket 516,7130720.0,3.4,3,S,Unisex,2025-05-23 05:19:46.012
Crewneck 517,1069280.0,3.5,3,M,Men,2025-05-23 05:19:46.012
Outerwear 503,4924480.0,4.8,3,L,Women,2025-05-23 05:19:46.011
Outerwear 509,7178400.0,3.1,3,XL,Women,2025-05-23 05:19:46.011
Pants 508,7766080.0,3.5,3,L,Men,2025-05-23 05:19:46.011
Hoodie 507,6844000.0,4.7,3,M,Unisex,2025-05-23 05:19:46.011
T-shirt 506,8572000.0,3.6,3,S,Women,2025-05-23 05:19:46.011
Crewneck 505,8747680.0,4.3,3,XXL,Men,2025-05-23 05:19:46.011
Jacket 504,8024480.0,5.0,3,XL,Unisex,2025-05-23 05:19:46.011
Pants 502,7132480.0,4.4,3,M,Men,2025-05-23 05:19:46.011
T-shirt 500,8114400.0,4.2,3,XXL,Women,2025-05-23 05:19:44.888
Crewneck 499,7825920.0,4.1,3,XL,Men,2025-05-23 05:19:44.888
Jacket 498,4412800.0,4.6,3,L,Unisex,2025-05-23 05:19:44.888
Outerwear 497,3957760.0,4.4,3,M,Women,2025-05-23 05:19:44.887
Hoodie 495,1663200.0,4.5,3,XXL,Unisex,2025-05-23 05:19:44.887
T-shirt 494,1390080.0,3.4,3,XL,Women,2025-05-23 05:19:44.887
Crewneck 493,5071520.0,4.8,3,L,Men,2025-05-23 05:19:44.887
Jacket 492,6011840.0,3.0,3,M,Unisex,2025-05-23 05:19:44.887
Pants 490,7081600.0,3.1,3,XXL,Men,2025-05-23 05:19:44.887
Crewneck 487,6955520.0,3.7,3,M,Men,2025-05-23 05:19:44.886
Pants 484,6428640.0,4.1,3,XL,Men,2025-05-23 05:19:44.886
Jacket 486,2573760.0,3.0,3,S,Unisex,2025-05-23 05:19:44.886
Outerwear 485,4044480.0,4.7,3,XXL,Women,2025-05-23 05:19:44.886
T-shirt 488,8789760.0,3.8,3,L,Women,2025-05-23 05:19:44.886
Hoodie 489,3554560.0,5.0,3,XL,Unisex,2025-05-23 05:19:44.886
Hoodie 483,4035040.0,4.2,3,L,Unisex,2025-05-23 05:19:44.885
T-shirt 482,3352480.0,4.8,3,M,Women,2025-05-23 05:19:44.885
Jacket 480,4986240.0,4.2,3,XXL,Unisex,2025-05-23 05:19:43.283
Outerwear 479,7302400.0,4.4,3,XL,Women,2025-05-23 05:19:43.283
Pants 478,4912000.0,3.8,3,L,Men,2025-05-23 05:19:43.282
Hoodie 477,6626080.0,4.2,3,M,Unisex,2025-05-23 05:19:43.282
T-shirt 476,3986240.0,4.3,3,S,Women,2025-05-23 05:19:43.282
Crewneck 475,7017280.0,4.6,3,XXL,Men,2025-05-23 05:19:43.282
Jacket 474,5864960.0,4.7,3,XL,Unisex,2025-05-23 05:19:43.282
Outerwear 473,5478080.0,4.2,3,L,Women,2025-05-23 05:19:43.282
Crewneck 469,1738880.0,4.2,3,XL,Men,2025-05-23 05:19:43.281
Outerwear 467,1325920.0,3.5,3,M,Women,2025-05-23 05:19:43.281
Jacket 468,4584960.0,3.7,3,L,Unisex,2025-05-23 05:19:43.281
T-shirt 470,7738880.0,3.1,3,XXL,Women,2025-05-23 05:19:43.281
Pants 472,3902080.0,3.1,3,M,Men,2025-05-23 05:19:43.281
Hoodie 465,6164320.0,4.7,3,XXL,Unisex,2025-05-23 05:19:43.280
T-shirt 464,6070080.0,4.5,3,XL,Women,2025-05-23 05:19:43.280
Crewneck 463,7539520.0,4.5,3,L,Men,2025-05-23 05:19:43.280
Jacket 462,6767840.0,4.5,3,M,Unisex,2025-05-23 05:19:43.280
Pants 460,1880800.0,3.6,3,XXL,Men,2025-05-23 05:19:42.165
Hoodie 459,3237280.0,3.5,3,XL,Unisex,2025-05-23 05:19:42.165
Hoodie 453,6576960.0,4.2,3,L,Unisex,2025-05-23 05:19:42.164
Outerwear 455,1094080.0,4.8,3,XXL,Women,2025-05-23 05:19:42.164
T-shirt 452,6892800.0,4.4,3,M,Women,2025-05-23 05:19:42.164
Pants 454,2179520.0,5.0,3,XL,Men,2025-05-23 05:19:42.164
Crewneck 457,7342880.0,4.8,3,M,Men,2025-05-23 05:19:42.164
Jacket 456,8096000.0,4.1,3,S,Unisex,2025-05-23 05:19:42.164
T-shirt 458,4240000.0,4.4,3,L,Women,2025-05-23 05:19:42.164
T-shirt 446,7740160.0,3.2,3,S,Women,2025-05-23 05:19:42.163
Outerwear 443,7262720.0,4.2,3,L,Women,2025-05-23 05:19:42.163
Jacket 444,4016960.0,3.3,3,XL,Unisex,2025-05-23 05:19:42.163
Crewneck 445,3574240.0,4.5,3,XXL,Men,2025-05-23 05:19:42.163
Pants 442,4701600.0,4.3,3,M,Men,2025-05-23 05:19:42.163
Hoodie 447,4748640.0,4.0,3,M,Unisex,2025-05-23 05:19:42.163
Pants 448,820160.0,4.4,3,L,Men,2025-05-23 05:19:42.163
Outerwear 449,6410080.0,4.0,3,XL,Women,2025-05-23 05:19:42.163
Jacket 450,8754880.0,3.1,3,XXL,Unisex,2025-05-23 05:19:42.163
T-shirt 434,6557120.0,4.9,3,XL,Women,2025-05-23 05:19:41.025
Hoodie 435,1015680.0,4.0,3,XXL,Unisex,2025-05-23 05:19:41.025
Outerwear 437,1016800.0,3.9,3,M,Women,2025-05-23 05:19:41.025
Crewneck 439,4005440.0,3.2,3,XL,Men,2025-05-23 05:19:41.025
Jacket 438,2453120.0,4.5,3,L,Unisex,2025-05-23 05:19:41.025
T-shirt 440,5326080.0,3.0,3,XXL,Women,2025-05-23 05:19:41.025
Crewneck 433,3872480.0,4.2,3,L,Men,2025-05-23 05:19:41.024
Jacket 432,2151840.0,4.5,3,M,Unisex,2025-05-23 05:19:41.024
Pants 430,1442080.0,3.9,3,XXL,Men,2025-05-23 05:19:41.024
Hoodie 429,1658560.0,4.9,3,XL,Unisex,2025-05-23 05:19:41.024
T-shirt 428,7053120.0,4.9,3,L,Women,2025-05-23 05:19:41.024
Pants 424,3865760.0,4.4,3,XL,Men,2025-05-23 05:19:41.023
T-shirt 422,924320.0,3.9,3,M,Women,2025-05-23 05:19:41.023
Hoodie 423,4601760.0,3.7,3,L,Unisex,2025-05-23 05:19:41.023
Outerwear 425,2528480.0,4.8,3,XXL,Women,2025-05-23 05:19:41.023
Jacket 426,3462400.0,3.4,3,S,Unisex,2025-05-23 05:19:41.023
Crewneck 427,6375200.0,3.3,3,M,Men,2025-05-23 05:19:41.023
Jacket 420,2472640.0,3.1,3,XXL,Unisex,2025-05-23 05:19:39.898
Outerwear 419,7004000.0,5.0,3,XL,Women,2025-05-23 05:19:39.898
Pants 418,6307840.0,5.0,3,L,Men,2025-05-23 05:19:39.898
Hoodie 417,2769440.0,4.6,3,M,Unisex,2025-05-23 05:19:39.898
T-shirt 416,4454080.0,3.1,3,S,Women,2025-05-23 05:19:39.898
Pants 412,5438240.0,4.4,3,M,Men,2025-05-23 05:19:39.897
Jacket 408,4176000.0,4.9,3,L,Unisex,2025-05-23 05:19:39.897
T-shirt 410,1586720.0,3.1,3,XXL,Women,2025-05-23 05:19:39.897
Crewneck 409,3221760.0,3.5,3,XL,Men,2025-05-23 05:19:39.897
Outerwear 413,1306400.0,3.4,3,L,Women,2025-05-23 05:19:39.897
Crewneck 415,3617440.0,3.1,3,XXL,Men,2025-05-23 05:19:39.897
Jacket 414,2234720.0,3.7,3,XL,Unisex,2025-05-23 05:19:39.897
Outerwear 407,2761280.0,3.7,3,M,Women,2025-05-23 05:19:39.896
Hoodie 405,5080160.0,3.8,3,XXL,Unisex,2025-05-23 05:19:39.896
T-shirt 404,3501120.0,4.9,3,XL,Women,2025-05-23 05:19:39.896
Crewneck 403,1580320.0,4.1,3,L,Men,2025-05-23 05:19:39.896
Jacket 402,2029120.0,4.6,3,M,Unisex,2025-05-23 05:19:39.896
Pants 400,6020640.0,4.7,3,XXL,Men,2025-05-23 05:19:38.749
Hoodie 399,2523520.0,3.6,3,XL,Unisex,2025-05-23 05:19:38.749
T-shirt 398,4592800.0,4.7,3,L,Women,2025-05-23 05:19:38.749
Crewneck 397,855360.0,3.6,3,M,Men,2025-05-23 05:19:38.749
Hoodie 393,4068480.0,3.2,3,L,Unisex,2025-05-23 05:19:38.748
Outerwear 389,2883200.0,5.0,3,XL,Women,2025-05-23 05:19:38.748
Jacket 390,5432960.0,3.3,3,XXL,Unisex,2025-05-23 05:19:38.748
T-shirt 392,1226080.0,4.4,3,M,Women,2025-05-23 05:19:38.748
Jacket 396,2505280.0,3.9,3,S,Unisex,2025-05-23 05:19:38.748
Pants 394,3540000.0,3.3,3,XL,Men,2025-05-23 05:19:38.748
Outerwear 395,3098720.0,4.0,3,XXL,Women,2025-05-23 05:19:38.748
Pants 388,931200.0,3.1,3,L,Men,2025-05-23 05:19:38.747
Hoodie 387,8418080.0,4.2,3,M,Unisex,2025-05-23 05:19:38.747
T-shirt 386,4793600.0,4.6,3,S,Women,2025-05-23 05:19:38.747
Crewneck 385,7950720.0,4.9,3,XXL,Men,2025-05-23 05:19:38.747
Jacket 384,1452960.0,3.3,3,XL,Unisex,2025-05-23 05:19:38.747
Outerwear 383,3431040.0,3.4,3,L,Women,2025-05-23 05:19:38.747
Pants 382,1356160.0,4.4,3,M,Men,2025-05-23 05:19:38.747
Crewneck 373,2231040.0,3.6,3,L,Men,2025-05-23 05:19:37.623
Hoodie 375,7027520.0,3.9,3,XXL,Unisex,2025-05-23 05:19:37.623
Jacket 372,5052960.0,3.6,3,M,Unisex,2025-05-23 05:19:37.623
T-shirt 374,7697120.0,3.9,3,XL,Women,2025-05-23 05:19:37.623
Jacket 378,3402400.0,3.6,3,L,Unisex,2025-05-23 05:19:37.623
Outerwear 377,6802080.0,4.8,3,M,Women,2025-05-23 05:19:37.623
Crewneck 379,3963200.0,4.4,3,XL,Men,2025-05-23 05:19:37.623
T-shirt 380,2547040.0,3.8,3,XXL,Women,2025-05-23 05:19:37.623
Outerwear 365,6956480.0,4.5,3,XXL,Women,2025-05-23 05:19:37.622
T-shirt 362,4776800.0,5.0,3,M,Women,2025-05-23 05:19:37.622
Hoodie 363,1171360.0,3.2,3,L,Unisex,2025-05-23 05:19:37.622
Pants 364,4972800.0,4.8,3,XL,Men,2025-05-23 05:19:37.622
Jacket 366,5854880.0,4.9,3,S,Unisex,2025-05-23 05:19:37.622
Crewneck 367,8359360.000000001,4.9,3,M,Men,2025-05-23 05:19:37.622
T-shirt 368,965120.0,3.2,3,L,Women,2025-05-23 05:19:37.622
Hoodie 369,7204960.0,4.7,3,XL,Unisex,2025-05-23 05:19:37.622
Pants 370,4559680.0,3.6,3,XXL,Men,2025-05-23 05:19:37.622
Jacket 360,8788320.0,4.8,3,XXL,Unisex,2025-05-23 05:19:36.488
Crewneck 355,4246560.0,3.2,3,XXL,Men,2025-05-23 05:19:36.487
Pants 352,2838880.0,4.0,3,M,Men,2025-05-23 05:19:36.487
Outerwear 353,961600.0,3.6,3,L,Women,2025-05-23 05:19:36.487
Jacket 354,2294720.0,3.8,3,XL,Unisex,2025-05-23 05:19:36.487
Outerwear 359,1696480.0,4.3,3,XL,Women,2025-05-23 05:19:36.487
T-shirt 356,7150080.0,4.3,3,S,Women,2025-05-23 05:19:36.487
Hoodie 357,3739360.0,3.6,3,M,Unisex,2025-05-23 05:19:36.487
Pants 358,8479520.0,3.9,3,L,Men,2025-05-23 05:19:36.487
T-shirt 350,8047680.0,5.0,3,XXL,Women,2025-05-23 05:19:36.486
Crewneck 349,6085600.0,3.5,3,XL,Men,2025-05-23 05:19:36.486
Jacket 348,3195040.0,4.6,3,L,Unisex,2025-05-23 05:19:36.486
Outerwear 347,6986080.0,4.7,3,M,Women,2025-05-23 05:19:36.486
Hoodie 345,7577440.0,3.3,3,XXL,Unisex,2025-05-23 05:19:36.486
Crewneck 343,2279040.0,4.1,3,L,Men,2025-05-23 05:19:36.485
Jacket 342,1827680.0,4.8,3,M,Unisex,2025-05-23 05:19:36.485
T-shirt 344,3415680.0,4.5,3,XL,Women,2025-05-23 05:19:36.485
Hoodie 339,4424800.0,4.9,3,XL,Unisex,2025-05-23 05:19:35.362
Pants 340,5975200.0,4.3,3,XXL,Men,2025-05-23 05:19:35.362
T-shirt 338,2883360.0,3.9,3,L,Women,2025-05-23 05:19:35.361
Crewneck 337,8608800.0,4.3,3,M,Men,2025-05-23 05:19:35.361
Jacket 336,6237760.0,5.0,3,S,Unisex,2025-05-23 05:19:35.361
Outerwear 335,2826720.0,3.0,3,XXL,Women,2025-05-23 05:19:35.361
Pants 334,2409440.0,3.8,3,XL,Men,2025-05-23 05:19:35.361
Hoodie 333,1746080.0,4.8,3,L,Unisex,2025-05-23 05:19:35.361
Hoodie 327,6641440.0,4.4,3,M,Unisex,2025-05-23 05:19:35.360
Outerwear 329,6724160.0,4.7,3,XL,Women,2025-05-23 05:19:35.360
T-shirt 326,4519360.0,4.9,3,S,Women,2025-05-23 05:19:35.360
Pants 328,5732960.0,4.5,3,L,Men,2025-05-23 05:19:35.360
Jacket 330,1591200.0,4.3,3,XXL,Unisex,2025-05-23 05:19:35.360
T-shirt 332,2335680.0,3.4,3,M,Women,2025-05-23 05:19:35.360
Crewneck 325,3001760.0,3.4,3,XXL,Men,2025-05-23 05:19:35.359
Jacket 324,6082720.0,3.3,3,XL,Unisex,2025-05-23 05:19:35.359
Outerwear 323,8468000.0,3.1,3,L,Women,2025-05-23 05:19:35.359
Pants 322,7810400.0,3.2,3,M,Men,2025-05-23 05:19:35.359
T-shirt 320,829440.0,3.3,3,XXL,Women,2025-05-23 05:19:33.853
Crewneck 319,3085920.0,3.3,3,XL,Men,2025-05-23 05:19:33.853
Jacket 318,5667200.0,3.7,3,L,Unisex,2025-05-23 05:19:33.853
Outerwear 317,5259040.0,3.3,3,M,Women,2025-05-23 05:19:33.853
Hoodie 315,7022880.0,3.1,3,XXL,Unisex,2025-05-23 05:19:33.853
T-shirt 308,4086080.0,4.1,3,L,Women,2025-05-23 05:19:33.852
Pants 310,6329280.0,4.7,3,XXL,Men,2025-05-23 05:19:33.852
Hoodie 309,3953120.0,4.8,3,XL,Unisex,2025-05-23 05:19:33.852
T-shirt 314,6017120.0,3.2,3,XL,Women,2025-05-23 05:19:33.852
Jacket 312,7267040.0,3.8,3,M,Unisex,2025-05-23 05:19:33.852
Crewneck 313,1948320.0,3.1,3,L,Men,2025-05-23 05:19:33.852
Crewneck 307,7735200.0,3.7,3,M,Men,2025-05-23 05:19:33.851
Jacket 306,7575040.0,4.2,3,S,Unisex,2025-05-23 05:19:33.851
Outerwear 305,6325440.0,4.5,3,XXL,Women,2025-05-23 05:19:33.851
Pants 304,7129760.0,3.4,3,XL,Men,2025-05-23 05:19:33.851
Hoodie 303,7974560.0,4.1,3,L,Unisex,2025-05-23 05:19:33.851
T-shirt 302,5711200.0,3.2,3,M,Women,2025-05-23 05:19:33.851
Jacket 300,6408480.0,4.0,3,XXL,Unisex,2025-05-23 05:19:31.890
Outerwear 299,1947840.0,4.3,3,XL,Women,2025-05-23 05:19:31.890
Pants 298,2426080.0,4.8,3,L,Men,2025-05-23 05:19:31.890
Jacket 294,5947200.0,3.8,3,XL,Unisex,2025-05-23 05:19:31.889
Pants 292,2384480.0,3.9,3,M,Men,2025-05-23 05:19:31.889
Outerwear 293,1176160.0,4.5,3,L,Women,2025-05-23 05:19:31.889
Hoodie 297,7801120.0,3.6,3,M,Unisex,2025-05-23 05:19:31.889
Crewneck 295,7266720.0,4.9,3,XXL,Men,2025-05-23 05:19:31.889
T-shirt 296,1172160.0,3.1,3,S,Women,2025-05-23 05:19:31.889
T-shirt 290,6425120.0,4.2,3,XXL,Women,2025-05-23 05:19:31.888
Crewneck 289,888000.0,4.0,3,XL,Men,2025-05-23 05:19:31.888
Jacket 288,3123040.0,4.1,3,L,Unisex,2025-05-23 05:19:31.888
Outerwear 287,5273600.0,3.7,3,M,Women,2025-05-23 05:19:31.888
Hoodie 285,3009120.0,3.2,3,XXL,Unisex,2025-05-23 05:19:31.888
T-shirt 284,6568000.0,3.6,3,XL,Women,2025-05-23 05:19:31.888
Crewneck 283,6633120.0,3.2,3,L,Men,2025-05-23 05:19:31.887
Jacket 282,2227040.0,3.0,3,M,Unisex,2025-05-23 05:19:31.887
Hoodie 279,5592320.0,4.7,3,XL,Unisex,2025-05-23 05:19:30.377
T-shirt 278,2087360.0,3.8,3,L,Women,2025-05-23 05:19:30.377
Crewneck 277,2383680.0,4.7,3,M,Men,2025-05-23 05:19:30.377
Pants 280,7501440.0,3.9,3,XXL,Men,2025-05-23 05:19:30.377
Jacket 270,2569120.0,4.2,3,XXL,Unisex,2025-05-23 05:19:30.376
Jacket 276,1013600.0,4.3,3,S,Unisex,2025-05-23 05:19:30.376
Outerwear 275,5575360.0,4.8,3,XXL,Women,2025-05-23 05:19:30.376
Pants 274,3669280.0,4.2,3,XL,Men,2025-05-23 05:19:30.376
Hoodie 273,5291360.0,4.9,3,L,Unisex,2025-05-23 05:19:30.376
T-shirt 272,5811840.0,3.3,3,M,Women,2025-05-23 05:19:30.376
T-shirt 266,4842080.0,4.6,3,S,Women,2025-05-23 05:19:30.375
Jacket 264,2063040.0,4.8,3,XL,Unisex,2025-05-23 05:19:30.375
Crewneck 265,2483040.0,3.5,3,XXL,Men,2025-05-23 05:19:30.375
Pants 268,5005120.0,3.6,3,L,Men,2025-05-23 05:19:30.375
Hoodie 267,4086240.0,4.3,3,M,Unisex,2025-05-23 05:19:30.375
Outerwear 269,8073920.0,3.1,3,XL,Women,2025-05-23 05:19:30.375
Outerwear 263,1878400.0,4.2,3,L,Women,2025-05-23 05:19:30.374
Pants 262,1097760.0,3.4,3,M,Men,2025-05-23 05:19:30.374
Jacket 258,2080640.0,4.7,3,L,Unisex,2025-05-23 05:19:27.823
Hoodie 255,3668000.0,4.1,3,XXL,Unisex,2025-05-23 05:19:27.823
Outerwear 257,7073120.0,5.0,3,M,Women,2025-05-23 05:19:27.823
T-shirt 254,5984160.0,3.9,3,XL,Women,2025-05-23 05:19:27.823
Crewneck 259,2275520.0,3.3,3,XL,Men,2025-05-23 05:19:27.823
T-shirt 260,6271520.0,3.5,3,XXL,Women,2025-05-23 05:19:27.823
Crewneck 247,8769120.0,3.0,3,M,Men,2025-05-23 05:19:27.822
Jacket 252,8408480.0,3.2,3,M,Unisex,2025-05-23 05:19:27.822
Hoodie 249,2149440.0,4.2,3,XL,Unisex,2025-05-23 05:19:27.822
T-shirt 248,2280000.0,4.5,3,L,Women,2025-05-23 05:19:27.822
Crewneck 253,1854720.0,3.9,3,L,Men,2025-05-23 05:19:27.822
Pants 250,4314240.0,3.1,3,XXL,Men,2025-05-23 05:19:27.822
Jacket 246,8735040.0,3.1,3,S,Unisex,2025-05-23 05:19:27.821
Outerwear 245,1451680.0,4.0,3,XXL,Women,2025-05-23 05:19:27.821
Pants 244,8116160.0,3.1,3,XL,Men,2025-05-23 05:19:27.821
Hoodie 243,3371680.0,3.1,3,L,Unisex,2025-05-23 05:19:27.821
T-shirt 242,4833600.0,3.4,3,M,Women,2025-05-23 05:19:27.821
Jacket 240,7600000.0,3.8,3,XXL,Unisex,2025-05-23 05:19:26.683
Outerwear 239,7934080.0,3.1,3,XL,Women,2025-05-23 05:19:26.683
Pants 238,8301920.0,3.8,3,L,Men,2025-05-23 05:19:26.683
Hoodie 237,4743520.0,3.1,3,M,Unisex,2025-05-23 05:19:26.683
T-shirt 236,5492320.0,3.9,3,S,Women,2025-05-23 05:19:26.683
Crewneck 235,6560320.0,3.4,3,XXL,Men,2025-05-23 05:19:26.683
T-shirt 230,7133280.0,4.5,3,XXL,Women,2025-05-23 05:19:26.682
Outerwear 227,6742560.0,4.8,3,M,Women,2025-05-23 05:19:26.682
Jacket 228,8076800.0,4.5,3,L,Unisex,2025-05-23 05:19:26.682
Crewneck 229,3101920.0,4.9,3,XL,Men,2025-05-23 05:19:26.682
Jacket 234,1159200.0,4.5,3,XL,Unisex,2025-05-23 05:19:26.682
Pants 232,8327360.000000001,4.0,3,M,Men,2025-05-23 05:19:26.682
Outerwear 233,847360.0,4.8,3,L,Women,2025-05-23 05:19:26.682
Hoodie 225,5232800.0,3.5,3,XXL,Unisex,2025-05-23 05:19:26.681
T-shirt 224,3534560.0,4.5,3,XL,Women,2025-05-23 05:19:26.681
Crewneck 223,952960.0,4.8,3,L,Men,2025-05-23 05:19:26.681
Jacket 222,7438080.0,3.4,3,M,Unisex,2025-05-23 05:19:26.681
Crewneck 217,5772960.0,4.8,3,M,Men,2025-05-23 05:19:24.955
Outerwear 215,1449600.0,3.8,3,XXL,Women,2025-05-23 05:19:24.955
Jacket 216,4576480.0,4.6,3,S,Unisex,2025-05-23 05:19:24.955
Hoodie 219,5671040.0,4.6,3,XL,Unisex,2025-05-23 05:19:24.955
T-shirt 218,5600320.0,3.1,3,L,Women,2025-05-23 05:19:24.955
Pants 220,3357600.0,3.2,3,XXL,Men,2025-05-23 05:19:24.955
Pants 214,4315680.0,4.9,3,XL,Men,2025-05-23 05:19:24.954
Hoodie 213,5748000.0,3.6,3,L,Unisex,2025-05-23 05:19:24.954
T-shirt 212,8794880.0,4.7,3,M,Women,2025-05-23 05:19:24.954
Jacket 210,7827360.0,4.7,3,XXL,Unisex,2025-05-23 05:19:24.954
Outerwear 209,7980640.0,4.3,3,XL,Women,2025-05-23 05:19:24.954
Pants 208,4637600.0,3.1,3,L,Men,2025-05-23 05:19:24.954
Crewneck 205,6434880.0,3.2,3,XXL,Men,2025-05-23 05:19:24.953
Pants 202,5592480.0,3.3,3,M,Men,2025-05-23 05:19:24.953
Outerwear 203,2144000.0,3.4,3,L,Women,2025-05-23 05:19:24.953
Jacket 204,6031040.0,3.9,3,XL,Unisex,2025-05-23 05:19:24.953
T-shirt 206,4674720.0,4.5,3,S,Women,2025-05-23 05:19:24.953
Hoodie 207,6101440.0,3.5,3,M,Unisex,2025-05-23 05:19:24.953
T-shirt 200,6289920.0,3.5,3,XXL,Women,2025-05-23 05:19:23.806
Crewneck 199,6744320.0,3.1,3,XL,Men,2025-05-23 05:19:23.806
Jacket 198,5435040.0,4.5,3,L,Unisex,2025-05-23 05:19:23.806
Outerwear 197,5681600.0,4.9,3,M,Women,2025-05-23 05:19:23.806
Hoodie 195,7208960.0,4.9,3,XXL,Unisex,2025-05-23 05:19:23.806
T-shirt 194,2818720.0,4.9,3,XL,Women,2025-05-23 05:19:23.806
Crewneck 193,7355680.0,4.1,3,L,Men,2025-05-23 05:19:23.806
Hoodie 189,1946720.0,4.0,3,XL,Unisex,2025-05-23 05:19:23.805
Jacket 186,6940480.0,4.2,3,S,Unisex,2025-05-23 05:19:23.805
T-shirt 188,3927840.0,4.4,3,L,Women,2025-05-23 05:19:23.805
Crewneck 187,6663520.0,3.8,3,M,Men,2025-05-23 05:19:23.805
Pants 190,2220960.0,4.5,3,XXL,Men,2025-05-23 05:19:23.805
Jacket 192,5066240.0,3.8,3,M,Unisex,2025-05-23 05:19:23.805
Outerwear 185,7822880.0,3.2,3,XXL,Women,2025-05-23 05:19:23.804
Pants 184,7759520.0,4.5,3,XL,Men,2025-05-23 05:19:23.804
Hoodie 183,3904640.0,3.6,3,L,Unisex,2025-05-23 05:19:23.804
T-shirt 182,2334880.0,3.8,3,M,Women,2025-05-23 05:19:23.804
Jacket 180,5552640.0,3.9,3,XXL,Unisex,2025-05-23 05:19:22.657
Outerwear 179,5816640.0,3.5,3,XL,Women,2025-05-23 05:19:22.657
Pants 178,6184160.0,3.0,3,L,Men,2025-05-23 05:19:22.657
Hoodie 177,1890400.0,4.6,3,M,Unisex,2025-05-23 05:19:22.657
T-shirt 176,6104320.0,3.6,3,S,Women,2025-05-23 05:19:22.657
Crewneck 175,8125120.0,4.5,3,XXL,Men,2025-05-23 05:19:22.657
Jacket 174,6282240.0,3.3,3,XL,Unisex,2025-05-23 05:19:22.657
Crewneck 169,8032800.0,4.7,3,XL,Men,2025-05-23 05:19:22.656
Outerwear 167,3273760.0,3.1,3,M,Women,2025-05-23 05:19:22.656
Jacket 168,870400.0,4.4,3,L,Unisex,2025-05-23 05:19:22.656
Outerwear 173,7034560.0,4.6,3,L,Women,2025-05-23 05:19:22.656
T-shirt 170,6677920.0,4.5,3,XXL,Women,2025-05-23 05:19:22.656
Pants 172,1566080.0,4.9,3,M,Men,2025-05-23 05:19:22.656
Hoodie 165,6921280.0,4.9,3,XXL,Unisex,2025-05-23 05:19:22.655
T-shirt 164,3512000.0,3.9,3,XL,Women,2025-05-23 05:19:22.655
Crewneck 163,7861920.0,4.4,3,L,Men,2025-05-23 05:19:22.655
Jacket 162,1543840.0,4.5,3,M,Unisex,2025-05-23 05:19:22.655
Jacket 156,6645120.0,3.6,3,S,Unisex,2025-05-23 05:19:21.509
T-shirt 152,6288640.0,4.2,3,M,Women,2025-05-23 05:19:21.509
Hoodie 153,2660640.0,4.3,3,L,Unisex,2025-05-23 05:19:21.509
Pants 154,2337440.0,3.0,3,XL,Men,2025-05-23 05:19:21.509
Outerwear 155,3783200.0,4.1,3,XXL,Women,2025-05-23 05:19:21.509
Crewneck 157,1105760.0,4.0,3,M,Men,2025-05-23 05:19:21.509
T-shirt 158,7321120.0,4.0,3,L,Women,2025-05-23 05:19:21.509
Hoodie 159,2371680.0,4.9,3,XL,Unisex,2025-05-23 05:19:21.509
Pants 160,2802880.0,3.4,3,XXL,Men,2025-05-23 05:19:21.509
Jacket 150,1500640.0,3.6,3,XXL,Unisex,2025-05-23 05:19:21.508
Outerwear 149,3105920.0,3.2,3,XL,Women,2025-05-23 05:19:21.508
Pants 148,6033440.0,4.7,3,L,Men,2025-05-23 05:19:21.508
Hoodie 147,3052800.0,5.0,3,M,Unisex,2025-05-23 05:19:21.508
T-shirt 146,7688640.0,4.3,3,S,Women,2025-05-23 05:19:21.508
Crewneck 145,3472800.0,4.8,3,XXL,Men,2025-05-23 05:19:21.508
Pants 142,2325280.0,4.9,3,M,Men,2025-05-23 05:19:21.507
Outerwear 143,3346560.0,4.9,3,L,Women,2025-05-23 05:19:21.507
Jacket 144,5758240.0,4.3,3,XL,Unisex,2025-05-23 05:19:21.507
T-shirt 140,6811040.0,3.5,3,XXL,Women,2025-05-23 05:19:20.377
Crewneck 139,8053120.0,4.5,3,XL,Men,2025-05-23 05:19:20.377
Jacket 138,4635520.0,3.4,3,L,Unisex,2025-05-23 05:19:20.377
Outerwear 137,6988320.0,4.5,3,M,Women,2025-05-23 05:19:20.376
Hoodie 135,5141440.0,4.7,3,XXL,Unisex,2025-05-23 05:19:20.376
T-shirt 134,5937440.0,3.2,3,XL,Women,2025-05-23 05:19:20.376
Crewneck 133,2016320.0,4.7,3,L,Men,2025-05-23 05:19:20.376
Jacket 132,6474880.0,4.2,3,M,Unisex,2025-05-23 05:19:20.376
Pants 130,6603520.0,4.8,3,XXL,Men,2025-05-23 05:19:20.376
Pants 124,7023520.0,3.2,3,XL,Men,2025-05-23 05:19:20.375
Jacket 126,4426080.0,3.9,3,S,Unisex,2025-05-23 05:19:20.375
Hoodie 123,4498080.0,3.8,3,L,Unisex,2025-05-23 05:19:20.375
Outerwear 125,6998240.0,4.2,3,XXL,Women,2025-05-23 05:19:20.375
Crewneck 127,8311680.0,4.0,3,M,Men,2025-05-23 05:19:20.375
T-shirt 128,4466720.0,3.8,3,L,Women,2025-05-23 05:19:20.375
Hoodie 129,2532480.0,4.5,3,XL,Unisex,2025-05-23 05:19:20.375
T-shirt 122,1961920.0,3.6,3,M,Women,2025-05-23 05:19:20.374
Jacket 120,7480320.0,4.0,3,XXL,Unisex,2025-05-23 05:19:19.257
Outerwear 119,3561760.0,3.4,3,XL,Women,2025-05-23 05:19:19.257
Pants 118,5585440.0,3.2,3,L,Men,2025-05-23 05:19:19.257
Hoodie 117,3376320.0,5.0,3,M,Unisex,2025-05-23 05:19:19.257
T-shirt 116,3474560.0,3.0,3,S,Women,2025-05-23 05:19:19.257
Crewneck 115,1933280.0,4.5,3,XXL,Men,2025-05-23 05:19:19.257
Jacket 114,5386560.0,4.9,3,XL,Unisex,2025-05-23 05:19:19.257
Crewneck 109,5886880.0,3.3,3,XL,Men,2025-05-23 05:19:19.256
Outerwear 107,6625120.0,4.0,3,M,Women,2025-05-23 05:19:19.256
Jacket 108,5551680.0,4.8,3,L,Unisex,2025-05-23 05:19:19.256
Pants 112,4261920.0,3.3,3,M,Men,2025-05-23 05:19:19.256
T-shirt 110,7197120.0,4.6,3,XXL,Women,2025-05-23 05:19:19.256
Outerwear 113,4472000.0,3.7,3,L,Women,2025-05-23 05:19:19.256
Hoodie 105,5019840.0,4.2,3,XXL,Unisex,2025-05-23 05:19:19.254
T-shirt 104,2374400.0,3.8,3,XL,Women,2025-05-23 05:19:19.254
Crewneck 103,2331680.0,3.5,3,L,Men,2025-05-23 05:19:19.254
Jacket 102,3840640.0,3.3,3,M,Unisex,2025-05-23 05:19:19.254
Outerwear 95,6062240.0,3.5,3,XXL,Women,2025-05-23 05:19:18.124
T-shirt 92,5012320.0,3.5,3,M,Women,2025-05-23 05:19:18.124
Hoodie 93,1365280.0,3.6,3,L,Unisex,2025-05-23 05:19:18.124
Pants 94,1074880.0,4.3,3,XL,Men,2025-05-23 05:19:18.124
Jacket 96,4598240.0,4.9,3,S,Unisex,2025-05-23 05:19:18.124
T-shirt 98,8596960.0,3.1,3,L,Women,2025-05-23 05:19:18.124
Hoodie 99,5028000.0,3.6,3,XL,Unisex,2025-05-23 05:19:18.124
Pants 100,2217280.0,4.6,3,XXL,Men,2025-05-23 05:19:18.124
Crewneck 97,6113120.0,3.9,3,M,Men,2025-05-23 05:19:18.124
Outerwear 83,3947840.0,3.7,3,L,Women,2025-05-23 05:19:18.122
Hoodie 87,7870240.0,4.3,3,M,Unisex,2025-05-23 05:19:18.122
Crewneck 85,4564160.0,3.5,3,XXL,Men,2025-05-23 05:19:18.122
T-shirt 86,1670880.0,3.9,3,S,Women,2025-05-23 05:19:18.122
Jacket 84,2826080.0,4.8,3,XL,Unisex,2025-05-23 05:19:18.122
Pants 88,7590400.0,3.1,3,L,Men,2025-05-23 05:19:18.122
Outerwear 89,4856320.0,3.0,3,XL,Women,2025-05-23 05:19:18.122
Jacket 90,7160000.0,4.0,3,XXL,Unisex,2025-05-23 05:19:18.122
Pants 82,8315520.0,4.8,3,M,Men,2025-05-23 05:19:18.121
T-shirt 80,4178400.0,4.5,3,XXL,Women,2025-05-23 05:19:16.976
Crewneck 79,3309600.0,4.6,3,XL,Men,2025-05-23 05:19:16.976
Jacket 78,2716480.0,4.3,3,L,Unisex,2025-05-23 05:19:16.976
Outerwear 77,861760.0,3.7,3,M,Women,2025-05-23 05:19:16.976
Hoodie 75,2101760.0,4.3,3,XXL,Unisex,2025-05-23 05:19:16.975
T-shirt 74,7704800.0,3.8,3,XL,Women,2025-05-23 05:19:16.975
Crewneck 73,2460320.0,3.0,3,L,Men,2025-05-23 05:19:16.975
Jacket 72,3776000.0,4.4,3,M,Unisex,2025-05-23 05:19:16.975
Pants 70,1171360.0,4.4,3,XXL,Men,2025-05-23 05:19:16.975
Pants 64,7728480.0,4.0,3,XL,Men,2025-05-23 05:19:16.974
Crewneck 67,8470720.0,3.5,3,M,Men,2025-05-23 05:19:16.974
Outerwear 65,2385920.0,4.1,3,XXL,Women,2025-05-23 05:19:16.974
Jacket 66,4353120.0,3.5,3,S,Unisex,2025-05-23 05:19:16.974
Hoodie 69,1027840.0,3.6,3,XL,Unisex,2025-05-23 05:19:16.974
T-shirt 68,8025280.0,4.0,3,L,Women,2025-05-23 05:19:16.974
Hoodie 63,6479200.0,3.6,3,L,Unisex,2025-05-23 05:19:16.973
T-shirt 62,1376480.0,3.8,3,M,Women,2025-05-23 05:19:16.973
Jacket 54,854560.0,4.2,3,XL,Unisex,2025-05-23 05:19:15.843
Jacket 60,3375520.0,4.2,3,XXL,Unisex,2025-05-23 05:19:15.843
Outerwear 59,2254240.0,4.6,3,XL,Women,2025-05-23 05:19:15.843
Pants 58,1637760.0,4.4,3,L,Men,2025-05-23 05:19:15.843
Hoodie 57,3155360.0,4.9,3,M,Unisex,2025-05-23 05:19:15.843
T-shirt 56,4643040.0,3.8,3,S,Women,2025-05-23 05:19:15.843
Crewneck 55,1793760.0,3.6,3,XXL,Men,2025-05-23 05:19:15.843
T-shirt 50,5932960.0,3.1,3,XXL,Women,2025-05-23 05:19:15.842
Jacket 48,4994720.0,3.4,3,L,Unisex,2025-05-23 05:19:15.842
Crewneck 49,1071200.0,4.0,3,XL,Men,2025-05-23 05:19:15.842
Outerwear 53,4470880.0,4.3,3,L,Women,2025-05-23 05:19:15.842
Pants 52,1596480.0,4.0,3,M,Men,2025-05-23 05:19:15.842
Outerwear 47,6364640.0,3.2,3,M,Women,2025-05-23 05:19:15.841
Hoodie 45,8693120.0,4.5,3,XXL,Unisex,2025-05-23 05:19:15.841
T-shirt 44,3312320.0,3.0,3,XL,Women,2025-05-23 05:19:15.841
Crewneck 43,2909600.0,4.5,3,L,Men,2025-05-23 05:19:15.841
Jacket 42,6744160.0,3.7,3,M,Unisex,2025-05-23 05:19:15.841
Outerwear 35,1356160.0,3.8,3,XXL,Women,2025-05-23 05:19:14.707
Crewneck 37,6006080.0,4.0,3,M,Men,2025-05-23 05:19:14.707
Jacket 36,7249280.0,3.7,3,S,Unisex,2025-05-23 05:19:14.707
Hoodie 39,6431200.0,4.6,3,XL,Unisex,2025-05-23 05:19:14.707
T-shirt 38,4866080.0,3.2,3,L,Women,2025-05-23 05:19:14.707
Pants 40,5853600.0,3.1,3,XXL,Men,2025-05-23 05:19:14.707
Pants 34,8362719.999999999,3.8,3,XL,Men,2025-05-23 05:19:14.706
Hoodie 33,7248160.0,3.5,3,L,Unisex,2025-05-23 05:19:14.706
T-shirt 32,6657920.0,3.4,3,M,Women,2025-05-23 05:19:14.706
Jacket 30,8610240.0,3.7,3,XXL,Unisex,2025-05-23 05:19:14.706
Outerwear 29,861600.0,3.1,3,XL,Women,2025-05-23 05:19:14.706
Pants 28,5216160.0,4.0,3,L,Men,2025-05-23 05:19:14.706
Jacket 24,8223520.0,3.9,3,XL,Unisex,2025-05-23 05:19:14.705
Pants 22,4319680.0,4.9,3,M,Men,2025-05-23 05:19:14.705
Outerwear 23,4655840.0,3.7,3,L,Women,2025-05-23 05:19:14.705
Crewneck 25,8322559.999999999,3.3,3,XXL,Men,2025-05-23 05:19:14.705
T-shirt 26,7292320.0,4.6,3,S,Women,2025-05-23 05:19:14.705
Hoodie 27,3551840.0,4.8,3,M,Unisex,2025-05-23 05:19:14.705
T-shirt 20,1325600.0,3.4,3,XXL,Women,2025-05-23 05:19:13.582
Crewneck 19,1308960.0,3.6,3,XL,Men,2025-05-23 05:19:13.582
Jacket 18,5500000.0,3.8,3,L,Unisex,2025-05-23 05:19:13.582
Outerwear 17,841600.0,3.8,3,M,Women,2025-05-23 05:19:13.582
Hoodie 15,2184160.0,3.6,3,XXL,Unisex,2025-05-23 05:19:13.582
Jacket 12,8527840.0,3.9,3,M,Unisex,2025-05-23 05:19:13.581
Hoodie 9,3972160.0,3.2,3,XL,Unisex,2025-05-23 05:19:13.581
Pants 10,3100160.0,4.2,3,XXL,Men,2025-05-23 05:19:13.581
Crewneck 7,6892000.0,4.3,3,M,Men,2025-05-23 05:19:13.581
Crewneck 13,5447200.0,3.2,3,L,Men,2025-05-23 05:19:13.581
T-shirt 14,3248800.0,3.8,3,XL,Women,2025-05-23 05:19:13.581
T-shirt 8,7802560.0,3.1,3,L,Women,2025-05-23 05:19:13.581
Outerwear 5,5145440.0,3.5,3,XXL,Women,2025-05-23 05:19:13.580
Pants 4,7476960.0,3.3,3,XL,Men,2025-05-23 05:19:13.580
Hoodie 3,7950080.0,4.8,3,L,Unisex,2025-05-23 05:19:13.580
Jacket 6,2453920.0,3.3,3,S,Unisex,2025-05-23 05:19:13.580
T-shirt 2,1634400.0,3.9,3,M,Women,2025-05-23 05:19:13.580
